{
  "model_name": "bert-base-uncased",
  "run_name": "bert-base-uncased_config_3",
  "config_id": 3,
  "hyperparameters": {
    "config_id": 3,
    "learning_rate": 3e-05,
    "batch_size": 1,
    "epochs": 2,
    "max_length": 512,
    "weight_decay": 0.01,
    "gradient_accumulation_steps": 4
  },
  "accuracy": 0.417910447761194,
  "f1_macro": 0.32029678940434086,
  "f1_weighted": 0.37980784655876015,
  "precision_macro": 0.3464285714285714,
  "recall_macro": 0.3519047619047619,
  "train_time": 41.2313,
  "train_loss": 1.4501501886468184,
  "f1_decorative": 0.2727272727272727,
  "f1_false": 0.3333333333333333,
  "f1_repurposed": 0.5217391304347826,
  "f1_slanted": 0.47368421052631576,
  "f1_unreliable source": 0.0
}