{
  "model_name": "bert-base-uncased",
  "run_name": "bert-base-uncased_config_1",
  "config_id": 1,
  "hyperparameters": {
    "config_id": 1,
    "learning_rate": 0.0001,
    "batch_size": 2,
    "epochs": 2,
    "max_length": 512,
    "weight_decay": 0.01,
    "gradient_accumulation_steps": 2
  },
  "accuracy": 0.3283582089552239,
  "f1_macro": 0.22811574390521758,
  "f1_weighted": 0.2572577984989611,
  "precision_macro": 0.22983114446529082,
  "recall_macro": 0.28547619047619044,
  "train_time": 34.9361,
  "train_loss": 1.4863245939386303,
  "f1_decorative": 0.2857142857142857,
  "f1_false": 0.49122807017543857,
  "f1_repurposed": 0.0,
  "f1_slanted": 0.36363636363636365,
  "f1_unreliable source": 0.0
}