{
  "model_name": "microsoft/deberta-v3-large",
  "run_name": "deberta-v3-large_config_1",
  "config_id": 1,
  "hyperparameters": {
    "config_id": 1,
    "learning_rate": 3e-05,
    "batch_size": 2,
    "epochs": 2,
    "max_length": 1024,
    "weight_decay": 0.01,
    "gradient_accumulation_steps": 2
  },
  "accuracy": 0.26865671641791045,
  "f1_macro": 0.08470588235294117,
  "f1_weighted": 0.113784021071115,
  "precision_macro": 0.05373134328358209,
  "recall_macro": 0.2,
  "train_time": 143.0676,
  "train_loss": 1.5889659996690422,
  "f1_decorative": 0.0,
  "f1_false": 0.0,
  "f1_repurposed": 0.4235294117647059,
  "f1_slanted": 0.0,
  "f1_unreliable source": 0.0
}