{
  "model_name": "microsoft/deberta-v3-large",
  "run_name": "deberta-v3-large_config_3",
  "config_id": 3,
  "hyperparameters": {
    "config_id": 3,
    "learning_rate": 1e-05,
    "batch_size": 1,
    "epochs": 2,
    "max_length": 512,
    "weight_decay": 0.01,
    "gradient_accumulation_steps": 4
  },
  "accuracy": 0.208955223880597,
  "f1_macro": 0.11259259259259258,
  "f1_weighted": 0.1335544499723604,
  "precision_macro": 0.08444444444444445,
  "recall_macro": 0.18095238095238092,
  "train_time": 153.3432,
  "train_loss": 1.5418811137216133,
  "f1_decorative": 0.0,
  "f1_false": 0.0,
  "f1_repurposed": 0.26666666666666666,
  "f1_slanted": 0.2962962962962963,
  "f1_unreliable source": 0.0
}