{
  "model_name": "meta-llama/Llama-3.2-1B-Instruct",
  "run_name": "Llama-3.2-1B-Instruct_config_1",
  "config_id": 1,
  "hyperparameters": {
    "config_id": 1,
    "learning_rate": 1e-05,
    "batch_size": 1,
    "epochs": 3,
    "max_length": 512,
    "weight_decay": 0.01,
    "gradient_accumulation_steps": 4
  },
  "accuracy": 0.34328358208955223,
  "f1_macro": 0.28014831294030407,
  "f1_weighted": 0.3278833861836535,
  "precision_macro": 0.3045291625936787,
  "recall_macro": 0.2999603174603175,
  "train_time": 263.3846,
  "train_loss": 1.0275665059321824,
  "f1_decorative": 0.3333333333333333,
  "f1_false": 0.3225806451612903,
  "f1_repurposed": 0.3448275862068966,
  "f1_slanted": 0.4,
  "f1_unreliable source": 0.0
}