{
  "model_name": "meta-llama/Llama-3.2-1B-Instruct",
  "run_name": "Llama-3.2-1B-Instruct_config_2",
  "config_id": 2,
  "hyperparameters": {
    "config_id": 2,
    "learning_rate": 1e-05,
    "batch_size": 1,
    "epochs": 2,
    "max_length": 512,
    "weight_decay": 0.01,
    "gradient_accumulation_steps": 4
  },
  "accuracy": 0.3283582089552239,
  "f1_macro": 0.3338522588522589,
  "f1_weighted": 0.3173669199788603,
  "precision_macro": 0.3334867860187554,
  "recall_macro": 0.353015873015873,
  "train_time": 176.6131,
  "train_loss": 1.4705714844820792,
  "f1_decorative": 0.375,
  "f1_false": 0.41025641025641024,
  "f1_repurposed": 0.2857142857142857,
  "f1_slanted": 0.15384615384615385,
  "f1_unreliable source": 0.4444444444444444
}