{
  "model_name": "roberta-large",
  "run_name": "roberta-large_config_3",
  "config_id": 3,
  "hyperparameters": {
    "config_id": 3,
    "learning_rate": 3e-05,
    "batch_size": 1,
    "epochs": 2,
    "max_length": 512,
    "weight_decay": 0.01,
    "gradient_accumulation_steps": 4
  },
  "accuracy": 0.3283582089552239,
  "f1_macro": 0.17795093795093794,
  "f1_weighted": 0.2204647756886563,
  "precision_macro": 0.327683615819209,
  "recall_macro": 0.25357142857142856,
  "train_time": 123.2841,
  "train_loss": 1.562236936468827,
  "f1_decorative": 0.0,
  "f1_false": 0.2222222222222222,
  "f1_repurposed": 0.4675324675324675,
  "f1_slanted": 0.2,
  "f1_unreliable source": 0.0
}