{
  "strategy_name": "focal_loss",
  "strategy_config": {
    "name": "focal_loss",
    "description": "Focal loss to handle hard examples",
    "epochs": 4,
    "learning_rate": 2e-05,
    "batch_size": 1,
    "max_length": 512,
    "weight_decay": 0.01,
    "class_weight_multiplier": 5.0,
    "use_focal_loss": true,
    "focal_alpha": 0.25,
    "focal_gamma": 2.0,
    "oversample": false
  },
  "accuracy": 0.47761194029850745,
  "f1_macro": 0.38776674306086073,
  "f1_weighted": 0.46489173688471325,
  "problem_class_f1": 0.0,
  "problem_class_precision": 0.0,
  "problem_class_recall": 0.0,
  "problem_class_accuracy": 0.0,
  "problem_class_correct": 0,
  "problem_class_total": 4,
  "train_time": 826.2576,
  "train_loss": 0.21061699647553167,
  "f1_decorative": 0.2857142857142857,
  "precision_decorative": 0.3076923076923077,
  "recall_decorative": 0.26666666666666666,
  "f1_false": 0.6470588235294118,
  "precision_false": 0.6111111111111112,
  "recall_false": 0.6875,
  "f1_repurposed": 0.6060606060606061,
  "precision_repurposed": 0.6666666666666666,
  "recall_repurposed": 0.5555555555555556,
  "f1_slanted": 0.4,
  "precision_slanted": 0.3333333333333333,
  "recall_slanted": 0.5,
  "f1_unreliable source": 0.0,
  "precision_unreliable source": 0.0,
  "recall_unreliable source": 0.0
}