{
  "strategy_name": "heavy_class_weights",
  "strategy_config": {
    "name": "heavy_class_weights",
    "description": "Heavy weighting for unreliable source class",
    "epochs": 4,
    "learning_rate": 2e-05,
    "batch_size": 1,
    "max_length": 512,
    "weight_decay": 0.01,
    "class_weight_multiplier": 10.0,
    "use_focal_loss": false,
    "oversample": false
  },
  "accuracy": 0.3880597014925373,
  "f1_macro": 0.29753737723377194,
  "f1_weighted": 0.35644555959489826,
  "problem_class_f1": 0.0,
  "problem_class_precision": 0.0,
  "problem_class_recall": 0.0,
  "problem_class_accuracy": 0.0,
  "problem_class_correct": 0,
  "problem_class_total": 4,
  "train_time": 848.4265,
  "train_loss": 1.5481020036713902,
  "f1_decorative": 0.3076923076923077,
  "precision_decorative": 0.36363636363636365,
  "recall_decorative": 0.26666666666666666,
  "f1_false": 0.5161290322580645,
  "precision_false": 0.5333333333333333,
  "recall_false": 0.5,
  "f1_repurposed": 0.42857142857142855,
  "precision_repurposed": 0.3157894736842105,
  "recall_repurposed": 0.6666666666666666,
  "f1_slanted": 0.23529411764705882,
  "precision_slanted": 0.6666666666666666,
  "recall_slanted": 0.14285714285714285,
  "f1_unreliable source": 0.0,
  "precision_unreliable source": 0.0,
  "recall_unreliable source": 0.0
}